actuator_saturation.l_ankle_act,actuator_saturation.l_toe_act,actuator_saturation.r_ankle_act,actuator_saturation.r_toe_act,bilateral_windows,body_ground_contact,both_feet_sensed,case,digit_angles_deg.l_digits234_pitch,digit_angles_deg.l_digits2_pitch,digit_angles_deg.l_digits3_pitch,digit_angles_deg.l_digits4_pitch,digit_angles_deg.r_digits234_pitch,digit_angles_deg.r_digits2_pitch,digit_angles_deg.r_digits3_pitch,digit_angles_deg.r_digits4_pitch,digit_sensors_with_load,duration_s,final_drift_m,first_body_contact,first_body_contact.distance_m,first_body_contact.geom,first_body_contact.normal_force_N,first_body_contact.time_s,full_horizon,max_ground_force_N,max_self_contact_N,max_sensor_error_N,mechanism,obstacle_contact_samples,pad_load_fraction,peak_tilt_deg,pelvis_angular_velocity_rms,physics_bilateral,physics_bilateral_20pct_weight,physics_samples,physics_unsupported,positive_actuator_work_J,seed,sole_pitch_spectrum.peak_hz,sole_pitch_spectrum.power_above_10hz,sole_pitch_spectrum.rms,support_switches_per_s,termination,unsupported_windows
0.0,0.0,0.0,0.0,1.0,False,True,flat,,,,,,,,,[],20.0,0.001813683620219888,,,,,,True,9.810030781817538,0.0,0.0,baseline,0,0.4396775924085104,0.5020726144928885,9.413822849567213e-05,1.0,1.0,8000,0.0,5.4541061451376714e-05,4010,0.0625,1.7079814925454854e-07,6.332487049304389e-07,0.0,horizon,0.0
0.0,0.0,0.0,0.0,1.0,False,True,flat,,,,,,,,,[],20.0,0.0011778202871633905,,,,,,True,9.810030545572973,0.0,0.0,baseline,0,0.4396874832120359,0.4559919380446029,0.00012364042386704517,1.0,1.0,8000,0.0,4.7613376996770064e-05,4011,0.0625,1.556579347554669e-11,2.3414810935510727e-06,0.0625,horizon,0.0
,,,,,True,True,r_middle_3mm,,,,,,,,,[],0.904,0.12157628005565715,,-0.0013978541345286352,tail_4_geom,13.807058308937858,0.9040000000000007,False,,,0.0,baseline,116,,27.461059699982364,,,,0,,,4010,,,,,body_contact,
,,,,,True,True,r_middle_3mm,,,,,,,,,[],0.892,0.12018171786076556,,-0.0004275821171660227,tail_4_geom,12.67758152041492,0.8920000000000007,False,,,0.0,baseline,118,,27.35342983475948,,,,0,,,4011,,,,,body_contact,
,,,,,True,True,r_middle_6mm,,,,,,,,,[],0.676,0.12254556807813473,,-0.0011402739981849486,tail_4_geom,13.8636274998988,0.6760000000000005,False,,,0.0,baseline,120,,27.441113121583943,,,,0,,,4010,,,,,body_contact,
,,,,,True,True,r_middle_6mm,,,,,,,,,[],0.678,0.12152557255061819,,6.732467402295952e-05,tail_4_geom,12.179258857218391,0.6780000000000005,False,,,0.0,baseline,123,,27.30640534332746,,,,0,,,4011,,,,,body_contact,
0.0,0.0,0.0,0.0,1.0,False,True,r_outer_3mm,,,,,,,,,[],20.0,0.004034491751420494,,,,,,True,10.137909152744601,0.0,0.0,baseline,9757,0.45151552558097907,3.8787536548947275,0.0004011485090592275,1.0,1.0,8000,0.0,0.0005009258265673822,4010,0.0625,1.1370528344428076e-07,0.00023638187286249805,0.0,horizon,0.0
0.0,0.0,0.0,0.0,1.0,False,True,r_outer_3mm,,,,,,,,,[],20.0,0.003870927324785748,,,,,,True,10.126949944705803,0.0,0.0,baseline,9858,0.4491140443013184,3.082749103256138,0.0004986794368619494,1.0,1.0,8000,0.0,0.0005258231320842548,4011,0.0625,1.5650901871838588e-07,0.00022002767979141974,0.0,horizon,0.0
0.0,0.0,0.0,0.0,1.0,False,True,r_pad_3mm,,,,,,,,,[],20.0,0.006925956574742351,,,,,,True,9.810987893056666,0.0,0.0,baseline,9993,0.5737770485006376,2.0634659867954808,0.000340424736358592,1.0,1.0,8000,0.0,2.814434780355587e-05,4010,0.0625,2.2833582312339476e-12,6.0865309820982035e-05,0.0,horizon,0.0
0.0,0.0,0.0,0.0,1.0,False,True,r_pad_3mm,,,,,,,,,[],20.0,0.006731874477023068,,,,,,True,9.811255843301186,0.0,0.0,baseline,9995,0.595290883075055,2.009673579351687,0.00045601449723279593,1.0,1.0,8000,0.0,4.194652862327826e-05,4011,0.0625,1.479949255956565e-12,9.34169591122135e-05,0.0,horizon,0.0
,,,,,True,True,l_middle_3mm,,,,,,,,,[],0.932,0.11971284960520653,,-0.0018569290717114807,tail_4_geom,14.179538622702124,0.9320000000000007,False,,,0.0,baseline,117,,27.511327714216637,,,,0,,,4010,,,,,body_contact,
,,,,,True,True,l_middle_3mm,,,,,,,,,[],0.9420000000000001,0.11938011484300134,,-0.0015023859173964246,tail_4_geom,13.873450166543282,0.9420000000000007,False,,,0.0,baseline,116,,27.471843446898866,,,,0,,,4011,,,,,body_contact,
,,,,,True,True,l_middle_6mm,,,,,,,,,[],0.672,0.11963145644184295,,-0.000933017351776054,tail_4_geom,13.666622304925784,0.6720000000000005,False,,,0.0,baseline,123,,27.419129101464687,,,,0,,,4010,,,,,body_contact,
,,,,,True,True,l_middle_6mm,,,,,,,,,[],0.676,0.12001855318410751,,-0.001544467412432516,tail_4_geom,14.18644135800594,0.6760000000000005,False,,,0.0,baseline,122,,27.48816692660797,,,,0,,,4011,,,,,body_contact,
0.0,0.0,0.0,0.0,1.0,False,True,l_outer_3mm,,,,,,,,,[],20.0,0.0033503690357076237,,,,,,True,10.055077738107462,0.0,0.0,baseline,9880,0.4407898490162501,2.943970004078657,0.00036813665929849246,1.0,1.0,8000,0.0,0.0003110984764355964,4010,0.0625,3.019654049076188e-07,0.00013152850441002938,0.0625,horizon,0.0
,,,,,True,True,l_outer_3mm,,,,,,,,,[],1.33,0.11847909284971647,,-0.0001397095455188714,tail_4_geom,12.071990795011125,1.330000000000001,False,,,0.0,baseline,143,,27.31988967882942,,,,0,,,4011,,,,,body_contact,
0.0,0.0,0.0,0.0,1.0,False,True,l_pad_3mm,,,,,,,,,[],20.0,0.0065086841285389935,,,,,,True,9.811919927581782,0.0,0.0,baseline,9994,0.6470384566898636,2.0448018494766336,0.0002707170900469446,1.0,1.0,8000,0.0,7.485269078505141e-05,4010,0.0625,2.336230394460947e-12,0.00014304131370775064,0.0,horizon,0.0
0.0,0.0,0.0,0.0,1.0,False,True,l_pad_3mm,,,,,,,,,[],20.0,0.0061816197282907725,,,,,,True,9.811587579550132,0.0,0.0,baseline,9994,0.6664736952565208,2.027356469543253,0.0002966819597853963,1.0,1.0,8000,0.0,5.781145358808537e-05,4011,0.0625,2.6885882996212444e-12,0.0001093290175828098,0.0,horizon,0.0
0.0,,0.0,,1.0,False,True,flat,,,,,,,,,[],20.0,0.0016390606140080865,,,,,,True,9.810098703104568,0.0,0.0,fixed,0,0.4398457593678371,0.6816936771758816,1.891303848135887e-05,1.0,1.0,8000,0.0,3.0469597988341616e-05,4010,0.0625,3.028924154206878e-06,7.590334122585347e-06,0.0,horizon,0.0
0.0,,0.0,,1.0,False,True,flat,,,,,,,,,[],20.0,0.001213396174751895,,,,,,True,9.81000399040536,0.0,0.0,fixed,0,0.43965943300141885,0.551899791700545,6.612320118475213e-06,1.0,1.0,8000,0.0,8.224460010756488e-06,4011,0.0625,2.0195461573452794e-12,9.275254808640886e-07,0.0,horizon,0.0
,,,,,True,True,r_middle_3mm,,,,,,,,,[],0.866,0.12192146511950938,,-0.001829041315530515,tail_4_geom,14.192899637688809,0.8660000000000007,False,,,0.0,fixed,91,,27.51269750984766,,,,0,,,4010,,,,,body_contact,
,,,,,True,True,r_middle_3mm,,,,,,,,,[],0.868,0.1209595030660139,,-0.0008808576501882354,tail_4_geom,13.378795167194966,0.8680000000000007,False,,,0.0,fixed,93,,27.408613691205403,,,,0,,,4011,,,,,body_contact,
,,,,,True,True,r_middle_6mm,,,,,,,,,[],0.742,0.11944777381631318,,-0.0010224793932510946,tail_4_geom,13.647895374964722,0.7420000000000005,False,,,0.0,fixed,112,,27.41802496252885,,,,0,,,4010,,,,,body_contact,
,,,,,True,True,r_middle_6mm,,,,,,,,,[],0.738,0.11954196824630235,,-0.0018155056880484327,tail_4_geom,14.327691229346744,0.7380000000000005,False,,,0.0,fixed,124,,27.50756717984264,,,,0,,,4011,,,,,body_contact,
0.0,,0.0,,1.0,False,True,r_outer_3mm,,,,,,,,,[],20.0,0.004120134639310019,,,,,,True,10.088446646435088,0.0,0.0,fixed,9026,0.44805801554647096,2.5326700185577202,0.0003811751779494269,1.0,1.0,8000,0.0,0.0003034421769410335,4010,0.0625,8.135996939068571e-07,0.00020756229397002056,0.0,horizon,0.0
0.0,,0.0,,1.0,False,True,r_outer_3mm,,,,,,,,,[],20.0,0.003916976813889605,,,,,,True,10.079120393914788,0.0,0.0,fixed,8998,0.4466443904144007,2.4595264049432233,0.00036973199293265644,1.0,1.0,8000,0.0,0.0002827819914010734,4011,0.0625,8.961673897451446e-07,0.00019690408454532693,0.0,horizon,0.0
0.0,,0.0,,1.0,False,True,r_pad_3mm,,,,,,,,,[],20.0,0.006582010705113909,,,,,,True,9.811517445990319,0.0,0.0,fixed,9993,0.5750924375485518,2.0563723356717496,0.00017622351684817516,1.0,1.0,8000,0.0,5.043387880197439e-05,4010,0.0625,2.4938120905193993e-12,0.00014526614152254836,0.0,horizon,0.0
0.0,,0.0,,1.0,False,True,r_pad_3mm,,,,,,,,,[],20.0,0.006225384046855546,,,,,,True,9.812139814794744,0.0,0.0,fixed,9995,0.5982799123498638,2.0090201144477593,0.00021655053607938878,1.0,1.0,8000,0.0,7.172103619726068e-05,4011,0.0625,2.3559970537965336e-12,0.00013320118098169887,0.0,horizon,0.0
,,,,,True,True,l_middle_3mm,,,,,,,,,[],0.882,0.11947347928114527,,-0.0010605302343823994,tail_4_geom,13.529106050730139,0.8820000000000007,False,,,0.0,fixed,87,,27.428674359610504,,,,0,,,4010,,,,,body_contact,
,,,,,True,True,l_middle_3mm,,,,,,,,,[],0.902,0.11951135725855495,,-0.0014363381504837597,tail_4_geom,13.841090971382213,0.9020000000000007,False,,,0.0,fixed,87,,27.470553503723984,,,,0,,,4011,,,,,body_contact,
,,,,,True,True,l_middle_6mm,,,,,,,,,[],0.706,0.11524854777403577,,-0.0006870537053466214,tail_4_geom,13.311625246469006,0.7060000000000005,False,,,0.0,fixed,113,,27.4232366290419,,,,0,,,4010,,,,,body_contact,
,,,,,True,True,l_middle_6mm,,,,,,,,,[],0.708,0.11525110679772443,,-0.00010001190736885421,tail_4_geom,12.292541974562516,0.7080000000000005,False,,,0.0,fixed,132,,27.356372096580458,,,,0,,,4011,,,,,body_contact,
0.0,,0.0,,1.0,False,True,l_outer_3mm,,,,,,,,,[],20.0,0.0034657536660391967,,,,,,True,10.055735914730079,0.0,0.0,fixed,9845,0.4420724548383509,2.2266182878519096,0.0002849330433704376,1.0,1.0,8000,0.0,0.00020313603996176217,4010,0.0625,1.1067371920941534e-06,0.0001444840609011196,0.0625,horizon,0.0
0.0,,0.0,,1.0,False,True,l_outer_3mm,,,,,,,,,[],20.0,0.0034600335542734886,,,,,,True,10.087238423699088,0.0,0.0,fixed,9801,0.44613526901002537,3.0789471939294484,0.0003294200218716735,1.0,1.0,8000,0.0,0.0002707175784143268,4011,0.0625,1.0200083724815322e-06,0.00018255795735451301,0.0625,horizon,0.0
0.0,,0.0,,1.0,False,True,l_pad_3mm,,,,,,,,,[],20.0,0.006514424439887693,,,,,,True,9.812124050732194,0.0,0.0,fixed,9994,0.6585613271059222,2.040953900638679,0.00021715570109744135,1.0,1.0,8000,0.0,7.201688039100311e-05,4010,0.0625,3.3080433383866924e-12,0.00017044303248005559,0.0,horizon,0.0
0.0,,0.0,,1.0,False,True,l_pad_3mm,,,,,,,,,[],20.0,0.006165654247767958,,,,,,True,9.811753329949791,0.0,0.0,fixed,9994,0.6769775133721403,2.0257441230236894,0.00023577979239859317,1.0,1.0,8000,0.0,5.7631207632035816e-05,4011,0.0625,3.3387890903902846e-12,0.00014608957889842685,0.0,horizon,0.0
0.0,,0.0,,1.0,False,True,flat,-0.03010681446123734,,,,-0.03045094708132688,,,,"[""l_digits234_touch"", ""r_digits234_touch""]",20.0,0.0016507290926704255,,,,,,True,9.810012848850688,0.0,1.7763568394002505e-15,coupled,0,0.6289307940774003,0.5203214283413009,6.500694551730778e-06,1.0,1.0,8000,0.0,1.6877705114654752e-05,4010,0.0625,1.0524836310656854e-06,4.5459082169526355e-07,0.0,horizon,0.0
0.0,,0.0,,1.0,False,True,flat,-0.030107398755584283,,,,-0.030450362057880122,,,,"[""l_digits234_touch"", ""r_digits234_touch""]",20.0,0.0011791455361143276,,,,,,True,9.810012599560778,0.0,1.7763568394002505e-15,coupled,0,0.6289295308150967,0.4610795513738833,6.245811384554518e-06,1.0,1.0,8000,0.0,7.816621435549613e-06,4011,0.0625,3.126125149782476e-07,3.6733065795049114e-07,0.0,horizon,0.0
0.0,,0.0,,1.0,False,True,r_middle_3mm,-0.029434491943217168,,,,-3.124857528375305,,,,"[""l_digits234_touch"", ""r_digits234_touch""]",20.0,0.001204529774953472,,,,,,True,9.810642123444449,0.0,3.552713678800501e-15,coupled,9986,0.5955533586595313,0.582422766254704,0.00010774447675283655,1.0,1.0,8000,0.0,2.086854487476279e-06,4010,0.0625,2.950471014231841e-11,1.6097868643864708e-07,0.0,horizon,0.0
0.0,,0.0,,1.0,False,True,r_middle_3mm,-0.02942970205023106,,,,-3.140060708260053,,,,"[""l_digits234_touch"", ""r_digits234_touch""]",20.0,0.0008846172725095556,,,,,,True,9.810652969351816,0.0,3.552713678800501e-15,coupled,9986,0.5952763802414373,0.533789631120489,0.00010932151902674265,1.0,1.0,8000,0.0,1.9787571609304835e-06,4011,0.0625,1.5373920521867308e-10,1.724279580317962e-07,0.0,horizon,0.0
,,,,,True,True,r_middle_6mm,-0.4932667083185858,,,,-7.393885462960052,,,,"[""l_digits234_touch"", ""r_digits234_touch""]",0.042,0.0005618618841391693,,-9.522781869828086e-05,l_metatarsus_geom,0.0,0.04200000000000002,False,,,3.552713678800501e-15,coupled,15,,0.08317795228269069,,,,0,,,4010,,,,,body_contact,
,,,,,True,True,r_middle_6mm,-0.3311581660618666,,,,-7.667290944042282,,,,"[""l_digits234_touch"", ""r_digits234_touch""]",0.04,0.0005097373654196801,,9.857110708292281e-05,l_metatarsus_geom,0.0,0.04000000000000002,False,,,1.7763568394002505e-15,coupled,18,,0.14933239493772857,,,,0,,,4011,,,,,body_contact,
0.0,,0.0,,1.0,False,True,r_outer_3mm,-0.037078383520998334,,,,-2.9875328053077523,,,,"[""l_digits234_touch"", ""r_digits234_touch""]",20.0,0.0016740453184280527,,,,,,True,9.846367157685862,0.0,3.552713678800501e-15,coupled,9982,0.5900385452723782,0.604756890584642,0.00046059925092273714,1.0,1.0,8000,0.0,1.683947737774417e-05,4010,0.0625,2.4301912561623692e-12,1.4944543945325076e-05,0.0,horizon,0.0
0.0,,0.0,,1.0,False,True,r_outer_3mm,-0.03960271679688462,,,,-2.492613074703447,,,,"[""l_digits234_touch"", ""r_digits234_touch""]",20.0,0.00189418560524419,,,,,,True,9.886744388689358,0.0,3.552713678800501e-15,coupled,9987,0.5913253896690417,0.5223465738739037,0.0006334312978179474,1.0,1.0,8000,0.0,2.9413781708570383e-05,4011,0.0625,1.266276269740737e-05,2.401504363248688e-05,0.0,horizon,0.0
0.0,,0.0,,1.0,False,True,r_pad_3mm,-0.0697744078601431,,,,-0.2816888516800728,,,,"[""l_digits234_touch"", ""r_digits234_touch""]",20.0,0.007847132867703352,,,,,,True,9.825222157212806,0.0,1.7763568394002505e-15,coupled,9993,0.927748177628916,2.069647076844835,0.0010529305291851173,1.0,1.0,8000,0.0,0.00013828862245793288,4010,0.0625,4.3309034430141816e-07,0.0005814420966522273,0.0,horizon,0.0
0.0,,0.0,,1.0,False,True,r_pad_3mm,-0.0739816054832933,,,,-0.25889748964831555,,,,"[""l_digits234_touch"", ""r_digits234_touch""]",20.0,0.007480816201696123,,,,,,True,9.826008688526429,0.0,1.7763568394002505e-15,coupled,9995,0.9195091911020329,2.0445181397051817,0.0009548011240235521,1.0,1.0,8000,0.0,0.00013959448976431625,4011,0.0625,3.421451891079495e-06,0.00046240254106667367,0.0,horizon,0.0
0.0,,0.0,,1.0,False,True,l_middle_3mm,-3.1836606491018684,,,,-0.02971807425029337,,,,"[""l_digits234_touch"", ""r_digits234_touch""]",20.0,0.0008127298926745444,,,,,,True,9.810688097863732,0.0,3.552713678800501e-15,coupled,9985,0.5944927637302405,0.5569396531914282,0.00011239494503219335,1.0,1.0,8000,0.0,1.8032014228146515e-06,4010,0.0625,5.6598518898990405e-12,1.9642630081819178e-07,0.0,horizon,0.0
0.0,,0.0,,1.0,False,True,l_middle_3mm,-3.1903634578092137,,,,-0.029715462559118628,,,,"[""l_digits234_touch"", ""r_digits234_touch""]",20.0,0.0006491668973907874,,,,,,True,9.810692561554994,0.0,3.552713678800501e-15,coupled,9986,0.5943737526123785,0.5189456169469678,0.00011311519734864955,1.0,1.0,8000,0.0,1.98232738267202e-06,4011,0.0625,6.805188603744748e-12,2.299316237428877e-07,0.0,horizon,0.0
,,,,,True,True,l_middle_6mm,-7.535097183061232,,,,-0.3321964556753443,,,,"[""l_digits234_touch"", ""r_digits234_touch""]",0.04,0.0005309757996651825,,5.4757412063717245e-05,r_metatarsus_geom,0.0,0.04000000000000002,False,,,0.0,coupled,15,,0.13124642829857905,,,,0,,,4010,,,,,body_contact,
0.0,,0.0,,1.0,False,True,l_middle_6mm,-6.2886872345369405,,,,-0.02851611363239134,,,,"[""l_digits234_touch"", ""r_digits234_touch""]",20.0,0.000852612237742762,,,,,,True,9.815102178860071,0.0,3.552713678800501e-15,coupled,9986,0.5776530984069913,0.486847404919399,0.00041798037116052845,1.0,1.0,8000,0.0,3.9308904239312725e-06,4011,0.0625,4.034012043894207e-12,1.298769756999563e-06,0.0,horizon,0.0
0.0,,0.0,,1.0,False,True,l_outer_3mm,-1.4526112264494035,,,,-0.039703774994927,,,,"[""l_digits234_touch"", ""r_digits234_touch""]",20.0,0.0025195877398336585,,,,,,True,9.952782016169541,0.0,3.552713678800501e-15,coupled,9984,0.590281938893742,0.49901285831877684,0.000895876454378101,1.0,1.0,8000,0.0,3.142446237880199e-05,4010,0.0625,1.0644620672338458e-06,3.942415826396753e-05,0.0625,horizon,0.0
0.0,,0.0,,1.0,False,True,l_outer_3mm,-3.1065655987733654,,,,-0.035426885439489304,,,,"[""l_digits234_touch"", ""r_digits234_touch""]",20.0,0.0010851909698283565,,,,,,True,9.870872290002827,0.0,3.552713678800501e-15,coupled,9986,0.5846287003876475,0.4625568069578598,0.000536620283654081,1.0,1.0,8000,0.0,2.6204513211880936e-05,4011,0.0625,1.0795860842278639e-06,2.1251081483995702e-05,0.0,horizon,0.0
0.0,,0.0,,1.0,False,True,l_pad_3mm,-0.5770442368935732,,,,-0.07579928522154289,,,,"[""l_digits234_touch"", ""r_digits234_touch""]",20.0,0.006986011558077026,,,,,,True,9.811784290343972,0.0,1.7763568394002505e-15,coupled,9994,0.9113112597482032,2.042283322832261,0.0004676558279913379,1.0,1.0,8000,0.0,4.4953255648721364e-05,4010,0.0625,9.949270772550289e-13,8.240731293372215e-05,0.0,horizon,0.0
0.0,,0.0,,1.0,False,True,l_pad_3mm,-0.5232549155559805,,,,-0.07518995090357958,,,,"[""l_digits234_touch"", ""r_digits234_touch""]",20.0,0.006621294946821461,,,,,,True,9.811510022317432,0.0,1.7763568394002505e-15,coupled,9994,0.9175204170268888,2.025713354928672,0.0004843117330794279,1.0,1.0,8000,0.0,4.2578821669408224e-05,4011,0.0625,1.7783032149386715e-12,0.00010935050953481774,0.0,horizon,0.0
0.0,,0.0,,1.0,False,True,flat,,-0.030069303858799395,-0.02000007215317803,-0.035235221803096954,,-0.030402748231007026,-0.020265244279258073,-0.035486072896285616,"[""l_digits2_touch"", ""l_digits3_touch"", ""l_digits4_touch"", ""r_digits2_touch"", ""r_digits3_touch"", ""r_digits4_touch""]",20.0,0.0016909892748647065,,,,,,True,9.81001138743714,0.0,2.6645352591003757e-15,independent,0,0.7599740079306242,0.5150081405974862,3.0946236684408153e-06,1.0,1.0,8000,0.0,1.0744286554251843e-05,4010,0.0625,8.126198596911115e-11,5.1593051668006245e-08,0.0,horizon,0.0
0.0,,0.0,,1.0,False,True,flat,,-0.03007872645625681,-0.020000074273872244,-0.035224977722436636,,-0.030393324688094327,-0.020265242201813048,-0.035496318079871275,"[""l_digits2_touch"", ""l_digits3_touch"", ""l_digits4_touch"", ""r_digits2_touch"", ""r_digits3_touch"", ""r_digits4_touch""]",20.0,0.0012475745050154112,,,,,,True,9.810008413725836,0.0,2.6645352591003757e-15,independent,0,0.7599689045979079,0.467159717406313,3.4665468610198136e-06,1.0,1.0,8000,0.0,4.343529900485343e-06,4011,0.0625,1.0616960125530842e-10,1.6180392509231802e-07,0.0,horizon,0.0
0.0,,0.0,,1.0,False,True,r_middle_3mm,,-0.029857311568120208,-0.019746227115192642,-0.034986729923011356,,-0.02599404434889391,-3.1612968461267257,-0.031152505744568775,"[""l_digits2_touch"", ""l_digits3_touch"", ""l_digits4_touch"", ""r_digits2_touch"", ""r_digits3_touch"", ""r_digits4_touch""]",20.0,0.0011728898395233277,,,,,,True,9.810255731494745,0.0,2.6645352591003757e-15,independent,9980,0.7467496201173799,0.6298705869508477,4.0848370647084414e-05,1.0,1.0,8000,0.0,1.442264407876915e-06,4010,0.0625,1.1668025691346767e-10,1.391358884038021e-07,0.0,horizon,0.0
0.0,,0.0,,1.0,False,True,r_middle_3mm,,-0.029852874281707513,-0.019740620645734668,-0.03498096827169504,,-0.025928243911135726,-3.2047153686574936,-0.031088197214556232,"[""l_digits2_touch"", ""l_digits3_touch"", ""l_digits4_touch"", ""r_digits2_touch"", ""r_digits3_touch"", ""r_digits4_touch""]",20.0,0.00048220493958146956,,,,,,True,9.8102676860079,0.0,2.6645352591003757e-15,independent,9985,0.7464096339051376,0.5457486437990504,4.249416899786753e-05,1.0,1.0,8000,0.0,1.2044171335944565e-06,4011,0.0625,1.0947914915863345e-10,1.4786367664195875e-07,0.0,horizon,0.0
,,,,,True,True,r_middle_6mm,,-0.399886895981254,-0.400774946884631,-0.3932591535545802,,-0.4062432914590787,-8.019358303770662,-0.3987308312526412,"[""l_digits2_touch"", ""l_digits3_touch"", ""l_digits4_touch"", ""r_digits2_touch"", ""r_digits3_touch"", ""r_digits4_touch""]",0.04,0.00044106366416914335,,3.0006660390930265e-05,r_metatarsus_geom,0.0,0.04000000000000002,False,,,0.0,independent,13,,0.14809045102523075,,,,0,,,4010,,,,,body_contact,
0.0,,0.0,,1.0,False,True,r_middle_6mm,,-0.029500792534798405,-0.019261851392939355,-0.03447789677430065,,-0.021795943260370418,-6.4443417798942235,-0.026881966216436064,"[""l_digits2_touch"", ""l_digits3_touch"", ""l_digits4_touch"", ""r_digits2_touch"", ""r_digits3_touch"", ""r_digits4_touch""]",20.0,0.00026030368683291826,,,,,,True,9.812020251289415,0.0,3.552713678800501e-15,independent,9990,0.7362392386863806,0.5788043120642833,0.0001594278758586276,1.0,1.0,8000,0.0,1.0148768409004317e-06,4011,0.0625,4.8887595319258855e-12,1.1787019144650179e-07,0.0,horizon,0.0
0.0,,0.0,,1.0,False,True,r_outer_3mm,,-0.027233207522265344,-0.019282956516242518,-0.037062209663447074,,-3.4058441017211893,-0.016010852062308522,-0.030691758908239528,"[""l_digits2_touch"", ""l_digits3_touch"", ""l_digits4_touch"", ""r_digits2_touch"", ""r_digits3_touch"", ""r_digits4_touch""]",20.0,0.0009028982045354864,,,,,,True,9.813378567907202,0.0,3.552713678800501e-15,independent,9982,0.7447311725489469,0.6410366591014616,8.425673130484322e-05,1.0,1.0,8000,0.0,2.862832113089533e-06,4010,0.0625,2.2754908287761224e-12,7.007014590746406e-07,0.0,horizon,0.0
0.0,,0.0,,1.0,False,True,r_outer_3mm,,-0.025541292994272914,-0.01887923346658955,-0.038167802421456086,,-3.168595734775508,-0.01676565884132053,-0.029704970946126324,"[""l_digits2_touch"", ""l_digits3_touch"", ""l_digits4_touch"", ""r_digits2_touch"", ""r_digits3_touch"", ""r_digits4_touch""]",20.0,0.0008428546673201329,,,,,,True,9.820094347513656,0.0,3.552713678800501e-15,independent,9985,0.745056618769519,0.5446216791249384,0.00014419397722197154,1.0,1.0,8000,0.0,3.034577921789772e-06,4011,0.0625,1.347654442339667e-12,1.5129026806370045e-06,0.0,horizon,0.0
0.0,,0.0,,1.0,False,True,r_pad_3mm,,0.366974072516623,0.36300994560963246,-0.07537060269235259,,0.1273351675227304,-0.328480756568916,0.0972584452001003,"[""l_digits2_touch"", ""l_digits3_touch"", ""l_digits4_touch"", ""r_digits2_touch"", ""r_digits3_touch"", ""r_digits4_touch""]",20.0,0.007812831174776666,,,,,,True,9.814189554995416,0.0,3.552713678800501e-15,independent,9993,0.9556381939537898,2.066738954388024,0.0009173275145231563,1.0,1.0,8000,0.0,0.00011657618022309375,4010,0.0625,5.4230214762371976e-08,0.0004351616824070185,0.0,horizon,0.0
0.0,,0.0,,1.0,False,True,r_pad_3mm,,0.36696847199931676,0.3623225597802507,-0.07958362771378683,,0.1522672029963286,-0.2941007603410421,-0.23070314098505576,"[""l_digits2_touch"", ""l_digits3_touch"", ""l_digits4_touch"", ""r_digits2_touch"", ""r_digits3_touch"", ""r_digits4_touch""]",20.0,0.0074776719603657565,,,,,,True,9.814400838354857,0.0,3.552713678800501e-15,independent,9995,0.9518679221372701,2.040004843116461,0.0008257444953867425,1.0,1.0,8000,0.0,0.00012424446493821626,4011,0.0625,5.303404716500212e-07,0.00034633867696802983,0.0,horizon,0.0
0.0,,0.0,,1.0,False,True,l_middle_3mm,,-0.025694631741882044,-3.1833502837521257,-0.03079653026845854,,-0.030145238987927536,-0.020007501728226088,-0.03528005146564449,"[""l_digits2_touch"", ""l_digits3_touch"", ""l_digits4_touch"", ""r_digits2_touch"", ""r_digits3_touch"", ""r_digits4_touch""]",20.0,0.0009754048917983482,,,,,,True,9.810261235281242,0.0,7.105427357601002e-15,independent,9983,0.7465756555076498,0.6206503759068798,4.1264061258767065e-05,1.0,1.0,8000,0.0,1.2645315865976473e-06,4010,0.0625,1.0917032563651515e-10,9.313700141649207e-08,0.0,horizon,0.0
0.0,,0.0,,1.0,False,True,l_middle_3mm,,-0.025626442348927983,-3.228142147391503,-0.030732577145851748,,-0.030142706591122725,-0.020000490522718177,-0.03526966758818126,"[""l_digits2_touch"", ""l_digits3_touch"", ""l_digits4_touch"", ""r_digits2_touch"", ""r_digits3_touch"", ""r_digits4_touch""]",20.0,0.0004987670937686031,,,,,,True,9.810272812699727,0.0,2.6645352591003757e-15,independent,9984,0.746222895886627,0.5624611995394652,4.231660369422469e-05,1.0,1.0,8000,0.0,1.050006443697702e-06,4011,0.0625,2.7257917463649937e-11,2.6444955697979546e-08,0.0,horizon,0.0
,,,,,True,True,l_middle_6mm,,-0.35976997642843933,-7.951069089967407,-0.3564197304914033,,0.024556182181784052,0.020438199256825808,0.0319898027994809,"[""l_digits2_touch"", ""l_digits3_touch"", ""l_digits4_touch"", ""r_digits2_touch"", ""r_digits3_touch"", ""r_digits4_touch""]",0.04,0.0004527160716948348,,5.997871710821008e-05,l_metatarsus_geom,0.0,0.04000000000000002,False,,,0.0,independent,15,,0.1653431184729029,,,,0,,,4010,,,,,body_contact,
,,,,,True,True,l_middle_6mm,,-0.35442675825515924,-8.01303305672256,-0.33996254697755623,,-0.5113633384078667,-0.19364128190365446,-0.2764233079029426,"[""l_digits2_touch"", ""l_digits3_touch"", ""l_digits4_touch"", ""r_digits2_touch"", ""r_digits3_touch"", ""r_digits4_touch""]",0.04,0.00036454164728508455,,5.435270723251444e-05,l_metatarsus_geom,0.0,0.04000000000000002,False,,,0.0,independent,16,,0.2589856144673729,,,,0,,,4011,,,,,body_contact,
0.0,,0.0,,1.0,False,True,l_outer_3mm,,-0.02352665938133685,-0.01643001933377579,-3.3156614753338314,,-0.033997224286937,-0.019005795225858997,-0.029339814631427708,"[""l_digits2_touch"", ""l_digits3_touch"", ""l_digits4_touch"", ""r_digits2_touch"", ""r_digits3_touch"", ""r_digits4_touch""]",20.0,0.001023731399983165,,,,,,True,9.825640020488786,0.0,3.552713678800501e-15,independent,9982,0.7429218032618686,0.5890490356604609,0.00016911534370964734,1.0,1.0,8000,0.0,3.377365815806181e-06,4010,0.0625,2.5218509780239065e-12,2.121719458964773e-06,0.0,horizon,0.0
0.0,,0.0,,1.0,False,True,l_outer_3mm,,-0.024546543360237292,-0.015526648781557602,-3.647215708706754,,-0.03275630871897365,-0.019418752497975138,-0.031442598968230845,"[""l_digits2_touch"", ""l_digits3_touch"", ""l_digits4_touch"", ""r_digits2_touch"", ""r_digits3_touch"", ""r_digits4_touch""]",20.0,0.0003892561241895392,,,,,,True,9.815854910787158,0.0,3.552713678800501e-15,independent,9982,0.7424498307732413,0.5539647967251178,0.000105180094659006,1.0,1.0,8000,0.0,2.2011988422279874e-06,4011,0.0625,2.6872235648675444e-12,1.230404925260246e-06,0.0,horizon,0.0
0.0,,0.0,,1.0,False,True,l_pad_3mm,,-0.7335271184153737,-0.17051769155055882,0.25507209431235944,,-0.07901370116444674,0.3513261287606088,0.3370028599306015,"[""l_digits2_touch"", ""l_digits3_touch"", ""l_digits4_touch"", ""r_digits2_touch"", ""r_digits3_touch"", ""r_digits4_touch""]",20.0,0.007166401930595112,,,,,,True,9.813211888482103,0.0,1.7763568394002505e-15,independent,9994,0.946207588218261,2.0394220818712387,0.0005485363045829338,1.0,1.0,8000,0.0,9.227826770776657e-05,4010,0.0625,1.4389699433121816e-07,0.000165911818019949,0.0,horizon,0.0
0.0,,0.0,,1.0,False,True,l_pad_3mm,,-0.662672800370349,-0.13404407001355972,0.29171681581548353,,-0.07831563652978711,0.35277733062361843,0.3370027409274489,"[""l_digits2_touch"", ""l_digits3_touch"", ""l_digits4_touch"", ""r_digits2_touch"", ""r_digits3_touch"", ""r_digits4_touch""]",20.0,0.00677832347017612,,,,,,True,9.813089759971492,0.0,1.7763568394002505e-15,independent,9994,0.9505533666701859,2.0225541865563224,0.0005813669540378594,1.0,1.0,8000,0.0,8.646954732426993e-05,4011,0.0625,2.154364223971613e-08,0.00019980494761531227,0.0,horizon,0.0
