actuator_saturation.l_ankle_act,actuator_saturation.l_toe_act,actuator_saturation.r_ankle_act,actuator_saturation.r_toe_act,bilateral_windows,body_ground_contact,both_feet_sensed,command_spectrum.peak_hz,command_spectrum.power_above_10hz,command_spectrum.rms,diagnostic_intervention,digit_sensors_with_load,duration_s,final_drift_m,full_horizon,max_ground_force_N,max_self_contact_N,max_sensor_error_N,obstacle_contact_samples,pad_load_fraction,pelvis_angular_velocity_rms,physics_bilateral,physics_bilateral_20pct_weight,physics_samples,physics_unsupported,positive_actuator_work_J,reward,seed,sole_pitch_spectrum.peak_hz,sole_pitch_spectrum.power_above_10hz,sole_pitch_spectrum.rms,support_switches_per_s,termination,unsupported_windows,variant
0.361125,0.642125,0.190875,0.74075,0.01125,False,True,3.0625,0.0516047623399707,0.09060629405614419,False,[],20.0,0.2854803287150345,True,22.203807914384136,0.0,0.0,0,0.0013661900833519544,0.836459060404688,0.084125,0.071375,8000,0.002125,37.974457324326494,2781.3242161682197,4100,0.3125,0.10929703659765451,0.04893253961407168,7.1875,horizon,0.02125,baseline
0.3035,0.588875,0.199375,0.7745,0.00875,False,True,3.0625,0.0410628047402025,0.09379826407188757,False,[],20.0,0.22852076278229347,True,20.594514577307763,0.0,0.0,0,0.0004345979296812264,0.8278336230302109,0.086625,0.072625,8000,0.000875,35.57718162276123,2805.9914163876438,4101,3.0625,0.09166572559211551,0.0523733952290882,7.9375,horizon,0.01,baseline
0.322875,0.578125,0.201125,0.75925,0.0175,False,True,3.0625,0.0411375378579105,0.09271198994236758,False,[],20.0,0.2524362837049919,True,20.565400594109057,0.0,0.0,0,0.000276754522980143,0.8128483917789303,0.09325,0.077375,8000,0.001375,35.81719364340805,2794.4635788138894,4102,3.0625,0.1052977198602314,0.050099838881076525,6.75,horizon,0.01375,baseline
0.3085,0.611375,0.204125,0.764375,0.01375,False,True,3.0625,0.04824619833625006,0.09228826906861641,False,[],20.0,0.3479405552238802,True,20.872385442521733,0.0,0.0,0,0.00031504767579874015,0.8536875533013332,0.08625,0.073375,8000,0.001125,36.1104968955783,2729.594808208125,4103,2.875,0.11109794803779635,0.04801534197737779,7.4375,horizon,0.01125,baseline
0.3465,0.625375,0.207375,0.5755,0.0225,False,True,2.9375,0.013399593109266765,0.08003294252268749,True,[],20.0,0.20532688072334435,True,21.323573166790336,0.0,0.0,0,0.0015121317307091491,0.8461325856196938,0.11025,0.092125,8000,0.003,37.80916854592473,2777.6843852306556,4100,2.9375,0.07989707189996699,0.05198119976829477,8.625,horizon,0.02,feet_lp10
0.334625,0.59225,0.184375,0.657125,0.02125,False,True,3.0,0.01125300282021545,0.0801562748903827,True,[],20.0,0.2096631038877501,True,21.83971068507552,0.0,0.0,0,0.0011991177301144873,0.8280887257965747,0.1035,0.08775,8000,0.001625,35.888647221343135,2806.3141063404073,4101,3.0,0.106121518375323,0.05131431323024118,7.9375,horizon,0.0125,feet_lp10
0.31,0.6055,0.176875,0.62275,0.0225,False,True,3.0,0.010207334289354957,0.08160544342823327,True,[],20.0,0.24584267054704395,True,21.229821202261228,0.0,0.0,0,0.00237470607160865,0.8188646981931318,0.10275,0.08525,8000,0.00275,34.95789256430614,2763.060601449417,4102,3.0,0.09683343845528154,0.05206837467653418,8.1875,horizon,0.015,feet_lp10
0.338875,0.623375,0.191375,0.607875,0.0175,False,True,3.0,0.010857534063275637,0.0803420945259552,True,[],20.0,0.3329149041453394,True,22.069345901924923,0.0,0.0,0,0.0005183265773204451,0.8235659996384488,0.110375,0.093,8000,0.001125,36.24197331653429,2745.0918555390326,4103,3.0,0.0855428046289214,0.05000941274274389,7.875,horizon,0.00875,feet_lp10
0.3135,0.506875,0.175,0.567125,0.03,False,True,3.0625,0.006383336189975385,0.07110639602550353,True,[],20.0,0.2530665850120424,True,19.977839251816185,0.0,0.0,0,0.00019427416943967684,0.8727104008406646,0.12525,0.105125,8000,0.00125,35.775216078167105,2764.0823301824116,4100,3.0625,0.10538786514403944,0.04940649469826066,8.1875,horizon,0.015,feet_lp5
0.2995,0.525125,0.1865,0.541875,0.0325,False,True,2.9375,0.0069346202360568284,0.07095773575967756,True,[],20.0,0.22034991735770337,True,20.060700182713845,0.0,0.0,0,0.00038550768181914524,0.8221350377500585,0.126,0.104875,8000,0.00175,34.90593666933339,2801.8362746917323,4101,2.9375,0.07755053067040356,0.05031862612714324,8.5,horizon,0.015,feet_lp5
0.300125,0.484875,0.17375,0.5575,0.02875,False,True,3.0,0.005767220055818236,0.07155341206793527,True,[],20.0,0.2982002290545943,True,20.2961016960778,0.0,0.0,0,0.0010265254130918582,0.8472296796449786,0.11725,0.097625,8000,0.001,34.883904700117654,2776.5705670680986,4102,3.0,0.08304327500414885,0.04970291336982451,7.375,horizon,0.01,feet_lp5
0.318375,0.52775,0.17075,0.546125,0.02875,False,True,2.9375,0.0062667691072854845,0.07146448446528748,True,[],20.0,0.3741520399643335,True,20.53852916657064,0.0,0.0,0,0.0011737103599922588,0.8475728542799325,0.123,0.104375,8000,0.001625,35.55267335625659,2715.1031436155845,4103,2.9375,0.07965217491863665,0.05094689458991864,8.375,horizon,0.01625,feet_lp5
0.2525,0.2545,0.15125,0.504625,0.055,False,True,3.125,0.003028751505008791,0.04594126923990606,True,[],20.0,0.3059640210911586,True,20.07760202025233,0.0,0.0,0,0.0018142683287423109,0.8667028743195041,0.18425,0.15125,8000,0.0015,33.36960233286772,2768.0744409807526,4100,3.125,0.08594340214646054,0.04649198272807286,7.75,horizon,0.015,feet_lp2
0.27075,0.273875,0.16775,0.5125,0.06125,False,True,3.125,0.0030970325068517975,0.04601138710592461,True,[],20.0,0.23326941719861227,True,21.602152759585678,0.0,0.0,0,0.0006706419597729105,0.8732031324597471,0.183,0.154625,8000,0.0015,34.20469828392753,2765.1420620931594,4101,3.125,0.09203341673253146,0.04648788036942707,8.3125,horizon,0.02,feet_lp2
0.246,0.3,0.162375,0.594,0.05875,False,True,3.125,0.0028787102534726487,0.045791656110994616,True,[],20.0,0.2972183762655612,True,20.91016096158733,0.0,0.0,0,0.002472466784257716,0.8436727650391191,0.16975,0.143125,8000,0.00225,32.314499120449874,2741.838389511899,4102,3.125,0.0821017334095854,0.04556544082260151,8.75,horizon,0.02375,feet_lp2
0.251625,0.28325,0.154875,0.53975,0.05375,False,True,3.0625,0.0028170797430797172,0.0462529856619973,True,[],20.0,0.3882558681216424,True,19.80705616572573,0.0,0.0,0,0.0014891474220602725,0.8454363304690752,0.16925,0.140625,8000,0.001,33.58900313850797,2708.216893103163,4103,3.0625,0.08601380375359044,0.045206408400008065,7.25,horizon,0.01875,feet_lp2
0.28625,0.649125,0.180375,0.43475,0.0225,False,True,2.6875,0.010004973351738299,0.07988043786346233,True,[],20.0,0.3689673214712673,True,19.95104179490749,0.0,0.0,0,0.0007404379143583856,0.8036773547996283,0.1035,0.083875,8000,0.00025,36.93036200524683,2770.9440502690827,4100,2.6875,0.04951829187982366,0.05471709372276953,7.125,horizon,0.00625,ankles_feet_lp10
0.281625,0.6385,0.172375,0.589375,0.03,False,True,2.8125,0.011046739623092256,0.08332439666655218,True,[],20.0,0.21613375787661268,True,20.93984772171524,0.0,0.0,0,0.0009453253399269776,0.8275391376878865,0.107875,0.08325,8000,0.001625,38.02950326592752,2790.1589800232978,4101,2.875,0.056255307235924916,0.05674299144120597,7.4375,horizon,0.0125,ankles_feet_lp10
0.2845,0.638375,0.158,0.503,0.0225,False,True,2.6875,0.0108665226851,0.08161535604876981,True,[],20.0,0.35147265138271644,True,20.492998544286813,0.0,0.0,0,0.0006554379667662632,0.813795758608902,0.104375,0.08575,8000,0.000625,36.859341247203524,2780.2843431233846,4102,0.3125,0.042158152344716544,0.05955619932642486,7.125,horizon,0.0075,ankles_feet_lp10
0.300625,0.682,0.15525,0.429875,0.02,False,True,2.625,0.010872186335593477,0.0775955102597768,True,[],20.0,0.4038240551500769,True,21.033692563459148,0.0,0.0,0,0.0005760034121170589,0.7807895697251551,0.100875,0.079875,8000,0.000125,35.59226924592408,2739.5979164218097,4103,2.5625,0.04423138372329525,0.05389666442418685,7.9375,horizon,0.0025,ankles_feet_lp10
0.06875,0.584375,0.067875,0.66225,0.02625,False,True,2.3125,0.0058902093716076236,0.0898575151885735,True,[],20.0,0.14469888278542084,True,20.89838360710768,0.0,0.0,0,0.0004295738336941588,0.5697797265514929,0.09475,0.071,8000,0.000375,11.781090931896541,2818.4047664869927,4100,2.3125,0.03388438446216862,0.06231805737788519,6.75,horizon,0.00375,all_lp10
0.085,0.660125,0.085625,0.579125,0.01875,False,True,2.375,0.005772904686676144,0.08810199188236371,True,[],20.0,0.09147119068104093,True,20.227363090221115,0.0,0.0,0,0.002186744935293496,0.5647069511515516,0.085,0.064125,8000,0.0005,11.614003250218849,2844.9496171511796,4101,2.3125,0.026777304655837796,0.06343669234093398,5.875,horizon,0.0025,all_lp10
0.083625,0.651875,0.10975,0.54925,0.01,False,True,2.125,0.006997999671187972,0.08762191391013395,True,[],20.0,0.1232812515308855,True,21.22507076622296,0.0,0.0,0,0.001091071712953813,0.567441443460672,0.0805,0.061,8000,0.00025,11.52006781360013,2826.3841376438527,4102,2.125,0.022709152576789907,0.06220018157712391,4.9375,horizon,0.00125,all_lp10
0.080125,0.560375,0.124625,0.641,0.0225,False,True,2.375,0.005211595703356326,0.09000093122956765,True,[],20.0,0.2562034201168573,True,20.915971870463803,0.0,0.0,0,0.0015509256622279503,0.5679365259385097,0.088125,0.06275,8000,0.000375,11.454044546964202,2780.1096598545937,4103,2.3125,0.02507177539530576,0.0621860939051982,5.6875,horizon,0.0025,all_lp10
,,,,,True,True,,,,True,[],0.52,0.06213080612476227,False,,,0.0,0,,,,,0,,,39.47990059811544,4100,,,,,body_contact,,all_lp5
0.05075,0.435625,0.05975,0.45075,0.025,False,True,1.875,0.001761642180374189,0.09409903647154694,True,[],20.0,0.11598074800729914,True,20.201835633097634,0.0,0.0,0,0.0004849024789340938,0.5773736524410711,0.09325,0.066875,8000,0.00075,10.105062254787196,2806.8325452300696,4101,1.875,0.012460306297515503,0.07197327482287076,5.6875,horizon,0.00625,all_lp5
,,,,,True,True,,,,True,[],0.66,0.08925318558881863,False,,,0.0,0,,,,,0,,,52.844355616620426,4102,,,,,body_contact,,all_lp5
,,,,,True,True,,,,True,[],0.6,0.08156783862427837,False,,,0.0,0,,,,,0,,,43.22048343580708,4103,,,,,body_contact,,all_lp5
0.25975,0.26875,0.149875,0.35475,0.05875,False,True,0.0625,0.0038227398998453834,0.0130007077502437,True,[],20.0,0.22321467305036707,True,24.13307380615142,0.0,0.0,0,0.005870156955037204,0.7744170863952112,0.216,0.172625,8000,0.004,29.54464475830018,2745.456969681172,4100,3.8125,0.14601872957732828,0.036887621801642574,9.125,horizon,0.05,feet_mean_after4s
0.253,0.269625,0.1535,0.386875,0.06,False,True,0.0625,0.04690085505737313,0.013049377737115963,True,[],20.0,0.13930691843895643,True,20.23476430024089,0.0,0.0,0,0.004912946885092653,0.7504884856748898,0.212125,0.1715,8000,0.00475,28.968980240666074,2734.592530411145,4101,3.75,0.14771311453339814,0.0349507371099629,9.8125,horizon,0.05625,feet_mean_after4s
0.263,0.26975,0.166875,0.41325,0.065,False,True,0.0625,0.006658120101877792,0.012026952001683201,True,[],20.0,0.19712813407636842,True,20.311329839157192,0.0,0.0,0,0.005352805952217181,0.75932639177639,0.194125,0.157875,8000,0.002375,29.481465817376,2787.3499662316835,4102,3.6875,0.12264346771385204,0.03476162912793931,9.0625,horizon,0.0325,feet_mean_after4s
0.258875,0.259375,0.15075,0.375125,0.08125,False,True,0.0625,0.042916037350910624,0.011295543798482745,True,[],20.0,0.32664765753167574,True,20.470246950502872,0.0,0.0,0,0.0038794081753442096,0.7974575100193496,0.2245,0.17825,8000,0.0025,28.32522140697575,2706.883298838793,4103,3.9375,0.11738017421711916,0.03626856964672204,9.375,horizon,0.0375,feet_mean_after4s
0.08823529411764706,0.25176470588235295,0.04588235294117647,0.25176470588235295,0.5294117647058824,False,True,3.5294117647058822,0.03010226564003362,0.04161487310331398,True,[],5.7,0.13638549297244343,False,20.235669777961697,0.0,0.0,0,0.00558697345180493,0.9321977380951145,0.6094117647058823,0.5658823529411765,850,0.002352941176470588,1.427545552650917,760.7366755317555,4100,0.5882352941176471,0.02626591764109645,0.06895468576553067,8.23529411764706,excessive_tilt,0.023529411764705882,ankles_feet_mean_after4s
0.08275862068965517,0.23218390804597702,0.0367816091954023,0.22298850574712645,0.5632183908045977,False,True,4.022988505747126,0.027805024375008505,0.03996715566137372,True,[],5.74,0.11551922001666938,False,17.727725072049488,0.0,0.0,0,0.0,0.9945054002711783,0.6459770114942529,0.6160919540229886,870,0.0,1.6899885753471928,765.2718677605404,4101,0.5747126436781609,0.026112328416345414,0.07407994651694916,20.114942528735632,excessive_tilt,0.011494252873563218,ankles_feet_mean_after4s
0.10625,0.29375,0.05875,0.25875,0.5375,False,True,3.125,0.03115806230941231,0.03758826793184248,True,[],5.6000000000000005,0.15431722473271123,False,17.115840062438686,0.0,0.0,0,0.0001348374601549673,0.9875157564882598,0.60625,0.6,800,0.0,1.555853999051212,749.0451877182492,4102,0.625,0.03499669330754296,0.07554389825946076,26.25,excessive_tilt,0.025,ankles_feet_mean_after4s
0.05568181818181818,0.2431818181818182,0.08181818181818182,0.21022727272727273,0.10227272727272728,False,True,3.9772727272727275,0.05258285241965686,0.03570631062230604,True,[],5.76,0.23504101102055938,False,18.56235327012596,0.0,0.0,0,0.0,1.1513542083278865,0.5920454545454545,0.4738636363636364,880,0.0011363636363636363,1.6840248839533802,748.2378174419689,4103,0.5681818181818182,0.038780777149902815,0.08110901393328533,35.79545454545455,excessive_tilt,0.022727272727272728,ankles_feet_mean_after4s
0.28975,0.345875,0.21,0.326,0.06625,False,True,0.0625,0.0002920876605458678,0.01620683008693275,True,[],20.0,0.27253961757277173,True,20.699769780263836,0.0,0.0,0,0.0003994581159333129,0.7684021459390377,0.19675,0.164375,8000,0.004375,28.370273660275398,2703.911097337019,4100,3.5,0.09986164447419146,0.03637960331406419,9.1875,horizon,0.0475,feet_home_after4s
0.28,0.382,0.180125,0.366625,0.05125,False,True,0.0625,0.00047945109246780066,0.016607437821746448,True,[],20.0,0.2734756863816709,True,22.447767725074705,0.0,0.0,0,0.0010527899933506504,0.787733299809806,0.195125,0.156,8000,0.005,28.966151686524093,2702.0808110114244,4101,0.1875,0.0969191840059198,0.03778675937954076,9.6875,horizon,0.055,feet_home_after4s
0.269375,0.39175,0.1875,0.338875,0.0725,False,True,0.0625,0.0003150456256422751,0.01621423362459344,True,[],20.0,0.24968012195431427,True,20.514224126583443,0.0,0.0,0,0.0009202260230318498,0.7464590091019896,0.201375,0.161375,8000,0.004625,26.565875839073996,2695.733449340953,4102,0.8125,0.08939438835622647,0.034900280859854804,9.75,horizon,0.0525,feet_home_after4s
0.279625,0.356,0.200625,0.372875,0.05625,False,True,0.0625,0.0004977127839764006,0.014357316047783262,True,[],20.0,0.3823663931705557,True,20.21041396085414,0.0,0.0,0,0.0010038025536259969,0.7568279272256206,0.193625,0.15825,8000,0.004125,27.675819971122323,2652.167269532344,4103,3.4375,0.08863459217537044,0.034869457304751356,8.9375,horizon,0.04875,feet_home_after4s
