species,run_id,stage,checkpoint,gate_kind,recorded_verdict,episodes,mean_speed_mps,flight_fraction_floor,flight_fraction_touch,double_support_floor,alternation_index,simultaneous_fraction,lead_swaps_per_stride,left_lead_fraction,duty_min_floor,foot_on_foot_fraction,phantom_support_fraction,stride_hz,froude,probe_label,audit_label,source_json
trex,20260914_123816,stance,robust_best,stance_quality/v1,PASS 2026-09-15,40,0.003819,6.25e-05,9.375e-05,0.9999,,1,,0.9762,0.9999,0,0,,1.727e-07,stand 39/40 | stand (stepping / tapping in place) 1/40,quiet wide stance,trex_20260914_123816_stance.json
trex,20260914_123816,locomotion,robust_best,reward_and_length/v1,PASS 2026-09-15,30,1.055,0.3539,0.409,0.5603,0.01001,0.9716,0.0009797,0.9993,0.5873,0,0,7.668,0.1498,hop 30/30,"two-footed hop, not a walk",trex_20260914_123816_locomotion.json
trex,20260914_123816,locomotion,final,reward_and_length/v1,,30,1.063,0.3558,0.4106,0.5589,0.009679,0.9727,0.00197,0.9993,0.586,0,0,7.638,0.152,hop 30/30,"two-footed hop, not a walk",trex_20260914_123816_locomotion_final.json
trex,20260920_010912,stance,robust_best,stance_quality/v1,PASS 2026-09-20,40,0.00809,0.002969,0.004375,0.9956,0.02381,0.662,0.09008,0.9254,0.996,0,0,3.745,2.436e-05,"stand 34/40 | two-footed shuffle-hop (synchronous, little flight) 5/40 | stand (stepping / tapping in place) 1/40",quiet in 34/40; two-footed catch-up hops in 6/40,trex_20260920_010912_stance.json
trex,20260920_010912,recovery,robust_best,recovery_quality/v1,PASS 2026-09-21,40,0.06496,0.02776,0.0415,0.9446,0.02922,0.5881,0.13,0.866,0.9544,3.889e-05,0,3.073,0.00102,"two-footed shuffle-hop (synchronous, little flight) 20/40 | staggered scoot (one foot always leads; skip/gallop-like) 6/40 | stand (stepping / tapping in place) 4/40 | hop 3/40 | irregular / other 3/40 | stand 3/40 | slide (moves without stepping) 1/40",posture recovered; forward pushes answered with two-footed hops,trex_20260920_010912_recovery.json
trex,20260925_033501,locomotion,robust_best,reward_and_length/v1,PASS 2026-09-25,30,1.567,0.427,0.5121,0.441,0.00244,0.992,0.004073,0.9994,0.5027,0,0,9.209,0.3338,hop 30/30,"two-footed hop, faster and wider",trex_20260925_033501_locomotion.json
velociraptor,20260922_125248,stance,robust_best,reward_and_length/v1,PASS 2026-09-22,30,0.02106,0.1531,0.2478,0.5586,0.2183,0.4343,0,0,0.6685,0,0,9.732,0.0004871,staggered scoot (one foot always leads; skip/gallop-like) 15/30 | hop 12/30 | stand (stepping / tapping in place) 2/30,"crouch with chattering feet, sliding; not a stance",velociraptor_20260922_125248_stance.json
velociraptor,20260922_125248,locomotion,robust_best,reward_and_length/v1,PASS 2026-09-23,30,3.161,0.3266,0.4908,0.007969,0.9255,0.01834,2.038,0.5922,0.3023,0,0,9.79,2.409,run 29/30,genuine alternating run (toe-tip scurry),velociraptor_20260922_125248_locomotion.json
velociraptor,20260922_125248,locomotion,final,reward_and_length/v1,,30,3.299,0.299,0.4649,0.006556,0.985,0.005775,1.964,0.6308,0.3441,0,0,10.09,2.507,run 30/30,genuine alternating run (toe-tip scurry),velociraptor_20260922_125248_locomotion_final.json
compsognathus,20260921_203149,stance,robust_best,stance_quality/v1,PASS 2026-09-21,40,-0.009609,0,0.01316,0.09959,1,0,1.516,0.3945,0.4877,0,0,3.054,1.857e-06,stand (stepping / tapping in place) 40/40,marches in place,compsognathus_20260921_203149_stance.json
compsognathus,20260921_203149,locomotion,robust_best,reward_and_length/v1,PASS 2026-09-22,30,0.36,0.004334,0.05718,0.1121,0.9974,0.001302,1.527,0.6534,0.5033,0,0,4.067,0.05524,walk 29/30 | irregular / other 1/30,"genuine alternating walk, short steps, left-heavy",compsognathus_20260921_203149_locomotion.json
compsognathus,20260921_203149,locomotion,final,reward_and_length/v1,,30,0.3398,0.003123,0.05691,0.113,0.9976,0.0008773,1.724,0.6545,0.4991,0,0,4.05,0.04903,walk 30/30,"genuine alternating walk, short steps, left-heavy",compsognathus_20260921_203149_locomotion_final.json
compsognathus_robot,20260924_031815,stance,robust_best,stance_quality/v1,PASS 2026-09-24,40,0.0009221,0.001313,3.125e-05,0.6194,0.0003731,0,0,1,0.6255,0.9995,0.3741,4.325,1.058e-06,stand (stepping / tapping in place) 40/40,stands on the left foot with the right sole stacked on it,compsognathus_robot_20260924_031815_stance.json
compsognathus_robot,20260924_031815,locomotion,robust_best,reward_and_length/v1,PASS 2026-09-28,30,0.226,0.4832,0.00186,0.403,0.02356,0.8527,0.0007565,0.9997,0.4259,0.9604,0.5704,9.245,0.02492,hop 30/30,synchronous micro-hop on stacked feet,compsognathus_robot_20260924_031815_locomotion.json
compsognathus_robot,20260924_031815,locomotion,final,reward_and_length/v1,,30,0.2273,0.4833,0.001544,0.4038,0.01829,0.8801,0,1,0.4357,0.9609,0.5601,9.198,0.02523,hop 30/30,synchronous micro-hop on stacked feet,compsognathus_robot_20260924_031815_locomotion_final.json
dibothrosuchus,20260923_020654,stance,robust_best,reward_and_length/v1,PASS 2026-09-23,30,-0.0003404,0,0,,,0/na,,0/0.9229,0.9595,0,0,,9.023e-10,stand 30/30,statue; three-legged in some episodes,dibothrosuchus_20260923_020654_stance.json
dibothrosuchus,20260923_020654,locomotion,robust_best,reward_and_length/v1,FAIL 2026-09-23,30,0.001213,0,0,,0/na,0/na,0/0,0.3391/0.9171,0.9376,0,0,1.282,2.805e-09,stand 29/30 | stand (stepping / tapping in place) 1/30,"statue, paid by gait_symmetry",dibothrosuchus_20260923_020654_locomotion.json
dibothrosuchus,20260923_020654,locomotion,final,reward_and_length/v1,,30,0.7785,0.4447,0.4842,,0.6667/0.8611,0/0.02778,1.54/0.625,0.7159/0.1657,0.01258,0.01192,0.006508,6.48,0.2136,undetermined (too few LH strides / touchdowns) 30/30,"rears, leaps once and falls",dibothrosuchus_20260923_020654_locomotion_final.json
dibothrosuchus,20260928_012318,locomotion,in-progress robust_best (4.3M),reward_and_length/v1,none (in training),20,1.945,0.3368,0.5819,,0.2228/0.4022,0.09303/0.1991,1.315/1.014,0.393/0.2015,0.08695,0,0.0002688,7.305,1.562,irregular gallop (asymmetric) 18/20 | irregular lateral-sequence run 2/20,three-legged skidding scramble; clears its gate as written,dibothrosuchus_20260928_012318_locomotion_INPROGRESS_robustbest4300k.json
dibothrosuchus,20260928_012318,locomotion,in-progress periodic (4.8M),reward_and_length/v1,none (in training),20,0.9768,0.2969,0.5498,,0.05466/0.2156,0.02999/0.09261,0.2325/0.1168,0.06535/0.02228,0.01979,0.003059,0.0006614,9.001,0.3699,undetermined (too few LH strides / touchdowns) 11/20 | irregular gallop (asymmetric) 5/20 | gallop (asymmetric) 1/20 | irregular diagonal-sequence run 1/20,rolls and tips (19/20 tilt),dibothrosuchus_20260928_012318_locomotion_INPROGRESS_4800k.json
brachiosaurus,20260717_162659,locomotion,robust_best,,none (July rail v >= 0.75 met),30,1.478,0.02707,0.9531,,0.412/0.3593,0.1604/0.1483,0.798/0.8467,0.8516/0.688,0.3009,0.007985,0.0004815,1.839,0.2396,pronk 11/30 | half-bound 8/30 | gallop (asymmetric) 4/30 | irregular gallop (asymmetric) 3/30 | irregular pronk 2/30 | irregular bound 1/30 | irregular half-bound 1/30,neck-pumping asymmetric bound,brachiosaurus_20260717_162659_locomotion.json
